{"dependency_paths": {}, "running": false, "start_time": 1676323951.2572274, "elapsed_time": 0.10162353515625, "monitoring": {"ts": 1676323951.2584825, "cpu": 2.1, "memory": {"total": 78.47254180908203, "free": 56.5695915222168}, "storage": {"total": 577.5371055603027, "free": 251.12176895141602}}, "end_time": 1676323951.7753618, "duration": 0.518134355545044}